{
  "accuracy": 0.897,
  "precision": 1.0,
  "recall": 0.5275229357798165,
  "f1": 0.6906906906906907,
  "roc_auc": 0.9913418897674746,
  "confusion_matrix": [
    [
      782,
      0
    ],
    [
      103,
      115
    ]
  ]
}