{
  "accuracy": 0.941,
  "precision": 0.8142292490118577,
  "recall": 0.944954128440367,
  "f1": 0.8747346072186837,
  "roc_auc": 0.9842089209038223,
  "confusion_matrix": [
    [
      735,
      47
    ],
    [
      12,
      206
    ]
  ]
}