{
  "accuracy": 0.854,
  "precision": 0.6232876712328768,
  "recall": 0.8348623853211009,
  "f1": 0.7137254901960784,
  "roc_auc": 0.890137028086065,
  "confusion_matrix": [
    [
      672,
      110
    ],
    [
      36,
      182
    ]
  ]
}